tool	JPF []	JPF []	JPF []	JPF []
run set	all-suites	all-suites	all-suites	all-suites
merged-results/	status	cputime (s)	walltime (s)	memory (MB)
BellmanFord-FunSat01	correct	0.591000	0.591000	0.000000
BellmanFord-FunSat02	unknown	0.511000	0.511000	0.000000
BellmanFord-FunUnsat01	incorrect	0.583000	0.583000	0.000000
BellmanFord-FunUnsat02	unknown	0.510000	0.510000	0.000000
BellmanFord-MemSat01	correct	0.601000	0.601000	0.000000
BellmanFord-MemSat02	unknown	0.513000	0.513000	0.000000
BellmanFord-MemUnsat01	incorrect	0.578000	0.578000	0.000000
BellmanFord-MemUnsat02	unknown	0.501000	0.501000	0.000000
BinaryTreeSearch-FunSat01	correct	2.779000	2.779000	0.000000
BinaryTreeSearch-FunUnsat01	correct	0.706000	0.706000	0.000000
BinaryTreeSearch-MemSat01	correct	4.239000	4.239000	0.000000
BinaryTreeSearch-MemUnsat01	correct	0.630000	0.630000	0.000000
BinaryTreeSearch-MemUnsat02	correct	0.625000	0.625000	0.000000
InsertionSort-FunSat01	correct	0.581000	0.581000	0.000000
InsertionSort-FunSat02	correct	0.591000	0.591000	0.000000
InsertionSort-FunUnsat01	incorrect	0.625000	0.625000	0.000000
InsertionSort-MemSat01	correct	0.575000	0.575000	0.000000
InsertionSort-MemUnsat01	unknown	0.633000	0.633000	0.000000
MergeSortIterative-FunSat01	correct	0.573000	0.573000	0.000000
MergeSortIterative-FunSat02	correct	0.567000	0.567000	0.000000
MergeSortIterative-FunUnsat01	incorrect	0.603000	0.603000	0.000000
MergeSortIterative-MemSat01	incorrect	0.588000	0.588000	0.000000
MergeSortIterative-MemUnsat01	incorrect	0.581000	0.581000	0.000000
RedBlackTree-FunSat01	correct	0.776000	0.776000	0.000000
RedBlackTree-FunUnsat01	correct	0.699000	0.699000	0.000000
RedBlackTree-MemSat01	correct	3.134000	3.134000	0.000000
RedBlackTree-MemUnsat01	unknown	0.982000	0.982000	0.000000
SortedListInsert-FunSat01	correct	3.107000	3.107000	0.000000
SortedListInsert-FunSat02	correct	4.616000	4.616000	0.000000
SortedListInsert-FunUnsat01	correct	0.896000	0.896000	0.000000
SortedListInsert-MemSat01	correct	1.905000	1.905000	0.000000
SortedListInsert-MemUnsat01	correct	0.529000	0.529000	0.000000
Trie-FunSat01	correct	0.517000	0.517000	0.000000
Trie-FunUnsat01	correct	0.608000	0.608000	0.000000
Trie-MemSat01	correct	0.520000	0.520000	0.000000
Trie-MemUnsat01	correct	0.596000	0.596000	0.000000
Tsp-FunSat01	unknown	0.515000	0.515000	0.000000
Tsp-FunUnsat01	unknown	0.510000	0.510000	0.000000
Tsp-MemSat01	unknown	0.532000	0.532000	0.000000
Tsp-MemUnsat01	unknown	0.503000	0.503000	0.000000
AbstractChart_exceptionless	correct	0.453000	0.453000	0.000000
AbstractChart_exceptionprone	incorrect	0.406000	0.406000	0.000000
AbstractSerializationStreamReader_false	unknown	0.364000	0.364000	0.000000
AbstractSerializationStreamReader_true	unknown	0.363000	0.363000	0.000000
AccelerometerListener_false	incorrect	0.400000	0.400000	0.000000
AccelerometerListener_true	correct	0.398000	0.398000	0.000000
ActiveCheck	unknown	60.000000	60.000000	0.000000
AlbersProjection_false	unknown	0.990000	0.990000	0.000000
AlbersProjection_true	unknown	1.004000	1.004000	0.000000
Base	correct	0.638000	0.638000	0.000000
Base64	correct	0.471000	0.471000	0.000000
BufferedBlockCipher	unknown	0.606000	0.606000	0.000000
Constant_false	incorrect	0.495000	0.495000	0.000000
Constant_false2	incorrect	0.393000	0.393000	0.000000
Constant_true	correct	0.468000	0.468000	0.000000
CorrelationUtils_exceptionless	unknown	0.434000	0.434000	0.000000
CorrelationUtils_exceptionprone	unknown	0.411000	0.411000	0.000000
CustomViewAbove	correct	0.553000	0.553000	0.000000
DiskBasedCache	incorrect	0.404000	0.404000	0.000000
DistinguishedNameParser	unknown	4.281000	4.281000	0.000000
EquidistantConicProjection_false	incorrect	0.407000	0.407000	0.000000
EquidistantConicProjection_true	correct	0.405000	0.405000	0.000000
FractalTouchHandler_false	incorrect	0.408000	0.408000	0.000000
FractalTouchHandler_true	correct	0.404000	0.404000	0.000000
GaussianGenerator_exceptionless	correct	0.409000	0.409000	0.000000
GaussianGenerator_exceptionprone	incorrect	0.403000	0.403000	0.000000
GraphFragment_false	incorrect	0.397000	0.397000	0.000000
GraphFragment_true	correct	0.412000	0.412000	0.000000
HPack	correct	0.479000	0.479000	0.000000
HebrewDate	unknown	60.000000	60.000000	0.000000
HighlightView_false	correct	0.508000	0.508000	0.000000
HighlightView_true	correct	0.753000	0.753000	0.000000
HotspotIntegerGenerator_false	incorrect	0.430000	0.430000	0.000000
HotspotIntegerGenerator_true	correct	0.396000	0.396000	0.000000
HttpConnectionHandler	correct	2.782000	2.782000	0.000000
HttpTransport_false	correct	0.528000	0.528000	0.000000
HttpTransport_true	correct	0.476000	0.476000	0.000000
ImageRequest	correct	0.448000	0.448000	0.000000
JobsExample	unknown	0.369000	0.369000	0.000000
MathHelper_false	incorrect	0.416000	0.416000	0.000000
MathHelper_true	incorrect	0.402000	0.402000	0.000000
Pan_exceptionless	correct	0.508000	0.508000	0.000000
Pan_exceptionprone	unknown	0.526000	0.526000	0.000000
PieSegment_false	incorrect	0.410000	0.410000	0.000000
PieSegment_true	correct	0.406000	0.406000	0.000000
Piecewise_false	incorrect	0.394000	0.394000	0.000000
Piecewise_true	correct	0.403000	0.403000	0.000000
ProjectionGridRoundTripper_exceptionless	correct	0.508000	0.508000	0.000000
ProjectionGridRoundTripper_exceptionprone	unknown	0.378000	0.378000	0.000000
ProjectionMath_exceptionless	correct	0.416000	0.416000	0.000000
ProjectionMath_exceptionprone	incorrect	0.405000	0.405000	0.000000
ReverseInterpolator_false	incorrect	0.399000	0.399000	0.000000
ReverseInterpolator_false2	incorrect	0.403000	0.403000	0.000000
ReverseInterpolator_true	correct	0.402000	0.402000	0.000000
SpdyStream	correct	0.535000	0.535000	0.000000
StdAudio_exceptionless	correct	0.394000	0.394000	0.000000
StdAudio_exceptionprone	incorrect	0.392000	0.392000	0.000000
StdRandom_exceptionless	correct	0.412000	0.412000	0.000000
StdRandom_exceptionprone	incorrect	0.411000	0.411000	0.000000
StrictLineReader	unknown	0.485000	0.485000	0.000000
SunTimes_false	incorrect	0.406000	0.406000	0.000000
SunTimes_true	correct	0.404000	0.404000	0.000000
TallyCounts_false	correct	0.505000	0.505000	0.000000
TallyCounts_true	unknown	0.405000	0.405000	0.000000
TimeChart	correct	0.407000	0.407000	0.000000
TouchPadView	correct	0.492000	0.492000	0.000000
VelocityTracker_false	correct	0.515000	0.515000	0.000000
VelocityTracker_true	correct	0.418000	0.418000	0.000000
WeibullGenerator_exceptionless	correct	0.401000	0.401000	0.000000
WeibullGenerator_exceptionprone	incorrect	0.403000	0.403000	0.000000
Byte_public_byte_java_lang_Byte_byteValue	unknown	0.444000	0.444000	0.000000
Byte_public_double_java_lang_Byte_doubleValue	unknown	0.439000	0.439000	0.000000
Byte_public_float_java_lang_Byte_floatValue	unknown	0.442000	0.442000	0.000000
Byte_public_int_java_lang_Byte_compareTo_java_lang_Byte	unknown	0.462000	0.462000	0.000000
Byte_public_int_java_lang_Byte_intValue	unknown	0.459000	0.459000	0.000000
Byte_public_java_lang_String_java_lang_Byte_toString	unknown	0.458000	0.458000	0.000000
Byte_public_long_java_lang_Byte_longValue	unknown	0.445000	0.445000	0.000000
Byte_public_short_java_lang_Byte_shortValue	unknown	0.460000	0.460000	0.000000
Byte_public_static_int_java_lang_Byte_compare_byte_byte	unknown	0.456000	0.456000	0.000000
Byte_public_static_int_java_lang_Byte_toUnsignedInt_byte	unknown	0.456000	0.456000	0.000000
Byte_public_static_java_lang_Byte_java_lang_Byte_valueOf_byte	unknown	0.455000	0.455000	0.000000
Byte_public_static_java_lang_String_java_lang_Byte_toString_byte	unknown	0.453000	0.453000	0.000000
Byte_public_static_long_java_lang_Byte_toUnsignedLong_byte	unknown	0.451000	0.451000	0.000000
Character_public_char_java_lang_Character_charValue	unknown	0.458000	0.458000	0.000000
Character_public_int_java_lang_Character_compareTo_java_lang_Character	unknown	0.447000	0.447000	0.000000
Character_public_java_lang_String_java_lang_Character_toString	unknown	0.447000	0.447000	0.000000
Character_public_static_boolean_java_lang_Character_isDigit_char	unknown	0.457000	0.457000	0.000000
Character_public_static_boolean_java_lang_Character_isJavaIdentifierPart_char	unknown	0.434000	0.434000	0.000000
Character_public_static_boolean_java_lang_Character_isJavaIdentifierStart_char	unknown	0.453000	0.453000	0.000000
Character_public_static_boolean_java_lang_Character_isJavaLetterOrDigit_char	unknown	0.440000	0.440000	0.000000
Character_public_static_boolean_java_lang_Character_isJavaLetter_char	unknown	0.439000	0.439000	0.000000
Character_public_static_boolean_java_lang_Character_isLetterOrDigit_char	unknown	0.464000	0.464000	0.000000
Character_public_static_boolean_java_lang_Character_isLetter_char	unknown	0.461000	0.461000	0.000000
Character_public_static_boolean_java_lang_Character_isLowerCase_char	unknown	0.455000	0.455000	0.000000
Character_public_static_boolean_java_lang_Character_isMirrored_char	unknown	0.446000	0.446000	0.000000
Character_public_static_boolean_java_lang_Character_isSpaceChar_char	unknown	0.443000	0.443000	0.000000
Character_public_static_boolean_java_lang_Character_isSpace_char	unknown	0.459000	0.459000	0.000000
Character_public_static_boolean_java_lang_Character_isUnicodeIdentifierPart_char	unknown	0.446000	0.446000	0.000000
Character_public_static_boolean_java_lang_Character_isUnicodeIdentifierStart_char	unknown	0.447000	0.447000	0.000000
Character_public_static_boolean_java_lang_Character_isUpperCase_char	unknown	0.449000	0.449000	0.000000
Character_public_static_boolean_java_lang_Character_isWhitespace_char	unknown	0.459000	0.459000	0.000000
Character_public_static_byte_java_lang_Character_getDirectionality_char	unknown	0.455000	0.455000	0.000000
Character_public_static_char_java_lang_Character_toLowerCase_char	unknown	0.443000	0.443000	0.000000
Character_public_static_char_java_lang_Character_toTitleCase_char	unknown	0.452000	0.452000	0.000000
Character_public_static_char_java_lang_Character_toUpperCase_char	unknown	0.440000	0.440000	0.000000
Character_public_static_int_java_lang_Character_compare_char_char	unknown	0.450000	0.450000	0.000000
Character_public_static_int_java_lang_Character_digit_char_int	unknown	0.449000	0.449000	0.000000
Character_public_static_int_java_lang_Character_getNumericValue_char	unknown	0.451000	0.451000	0.000000
Character_public_static_int_java_lang_Character_getType_char	unknown	0.454000	0.454000	0.000000
Character_public_static_int_java_lang_Character_toCodePoint_char_char	unknown	0.435000	0.435000	0.000000
Character_public_static_java_lang_Character_java_lang_Character_valueOf_char	unknown	0.451000	0.451000	0.000000
Character_public_static_java_lang_String_java_lang_Character_toString_char	unknown	0.454000	0.454000	0.000000
Double_public_boolean_java_lang_Double_isInfinite	unknown	0.460000	0.460000	0.000000
Double_public_boolean_java_lang_Double_isNaN	unknown	0.467000	0.467000	0.000000
Double_public_byte_java_lang_Double_byteValue	unknown	0.453000	0.453000	0.000000
Double_public_int_java_lang_Double_compareTo_java_lang_Double	unknown	0.448000	0.448000	0.000000
Double_public_int_java_lang_Double_intValue	unknown	0.462000	0.462000	0.000000
Double_public_java_lang_String_java_lang_Double_toString	unknown	0.450000	0.450000	0.000000
Double_public_long_java_lang_Double_longValue	unknown	0.460000	0.460000	0.000000
Double_public_short_java_lang_Double_shortValue	unknown	0.451000	0.451000	0.000000
Double_public_static_boolean_java_lang_Double_isFinite_double	unknown	0.448000	0.448000	0.000000
Double_public_static_boolean_java_lang_Double_isInfinite_double	unknown	0.448000	0.448000	0.000000
Double_public_static_boolean_java_lang_Double_isNaN_double	unknown	0.451000	0.451000	0.000000
Double_public_static_int_java_lang_Double_compare_double_double	unknown	0.450000	0.450000	0.000000
Double_public_static_java_lang_String_java_lang_Double_toHexString_double	unknown	0.447000	0.447000	0.000000
Double_public_static_java_lang_String_java_lang_Double_toString_double	unknown	0.444000	0.444000	0.000000
Double_public_static_long_java_lang_Double_doubleToLongBits_double	unknown	0.448000	0.448000	0.000000
Double_public_static_native_long_java_lang_Double_doubleToRawLongBits_double	unknown	0.434000	0.434000	0.000000
Float_public_boolean_java_lang_Float_isInfinite	unknown	0.465000	0.465000	0.000000
Float_public_boolean_java_lang_Float_isNaN	unknown	0.445000	0.445000	0.000000
Float_public_byte_java_lang_Float_byteValue	unknown	0.446000	0.446000	0.000000
Float_public_int_java_lang_Float_compareTo_java_lang_Float	unknown	0.437000	0.437000	0.000000
Float_public_int_java_lang_Float_intValue	unknown	0.448000	0.448000	0.000000
Float_public_java_lang_String_java_lang_Float_toString	unknown	0.453000	0.453000	0.000000
Float_public_long_java_lang_Float_longValue	unknown	0.446000	0.446000	0.000000
Float_public_short_java_lang_Float_shortValue	unknown	0.450000	0.450000	0.000000
Float_public_static_boolean_java_lang_Float_isFinite_float	unknown	0.435000	0.435000	0.000000
Float_public_static_boolean_java_lang_Float_isInfinite_float	unknown	0.445000	0.445000	0.000000
Float_public_static_boolean_java_lang_Float_isNaN_float	unknown	0.439000	0.439000	0.000000
Float_public_static_int_java_lang_Float_compare_float_float	unknown	0.447000	0.447000	0.000000
Float_public_static_int_java_lang_Float_floatToIntBits_float	unknown	0.454000	0.454000	0.000000
Float_public_static_java_lang_String_java_lang_Float_toHexString_float	unknown	0.450000	0.450000	0.000000
Float_public_static_java_lang_String_java_lang_Float_toString_float	unknown	0.435000	0.435000	0.000000
Float_public_static_native_int_java_lang_Float_floatToRawIntBits_float	unknown	0.448000	0.448000	0.000000
Integer_public_static_java_lang_Integer_java_lang_Integer_getInteger_java_lang_String_int	unknown	0.458000	0.458000	0.000000
Integer_public_static_java_lang_Integer_java_lang_Integer_getInteger_java_lang_String_java_lang_Integer	unknown	0.461000	0.461000	0.000000
Long_public_byte_java_lang_Long_byteValue	unknown	0.443000	0.443000	0.000000
Long_public_double_java_lang_Long_doubleValue	unknown	0.432000	0.432000	0.000000
Long_public_float_java_lang_Long_floatValue	unknown	0.460000	0.460000	0.000000
Long_public_int_java_lang_Long_compareTo_java_lang_Long	unknown	0.466000	0.466000	0.000000
Long_public_int_java_lang_Long_intValue	unknown	0.453000	0.453000	0.000000
Long_public_java_lang_String_java_lang_Long_toString	unknown	0.452000	0.452000	0.000000
Long_public_long_java_lang_Long_longValue	unknown	0.443000	0.443000	0.000000
Long_public_short_java_lang_Long_shortValue	unknown	0.449000	0.449000	0.000000
Long_public_static_int_java_lang_Long_bitCount_long	unknown	0.439000	0.439000	0.000000
Long_public_static_int_java_lang_Long_compareUnsigned_long_long	unknown	0.437000	0.437000	0.000000
Long_public_static_int_java_lang_Long_compare_long_long	unknown	0.440000	0.440000	0.000000
Long_public_static_int_java_lang_Long_numberOfLeadingZeros_long	unknown	0.438000	0.438000	0.000000
Long_public_static_int_java_lang_Long_numberOfTrailingZeros_long	unknown	0.446000	0.446000	0.000000
Long_public_static_int_java_lang_Long_signum_long	unknown	0.443000	0.443000	0.000000
Long_public_static_java_lang_Long_java_lang_Long_getLong_java_lang_String_java_lang_Long	unknown	0.441000	0.441000	0.000000
Long_public_static_java_lang_Long_java_lang_Long_getLong_java_lang_String_long	unknown	0.465000	0.465000	0.000000
Long_public_static_java_lang_Long_java_lang_Long_valueOf_long	unknown	0.441000	0.441000	0.000000
Long_public_static_java_lang_String_java_lang_Long_toBinaryString_long	unknown	0.443000	0.443000	0.000000
Long_public_static_java_lang_String_java_lang_Long_toHexString_long	unknown	0.452000	0.452000	0.000000
Long_public_static_java_lang_String_java_lang_Long_toOctalString_long	unknown	0.453000	0.453000	0.000000
Long_public_static_java_lang_String_java_lang_Long_toString_long	unknown	0.439000	0.439000	0.000000
Long_public_static_java_lang_String_java_lang_Long_toString_long_int	unknown	0.450000	0.450000	0.000000
Long_public_static_java_lang_String_java_lang_Long_toUnsignedString_long	unknown	0.441000	0.441000	0.000000
Long_public_static_java_lang_String_java_lang_Long_toUnsignedString_long_int	unknown	0.440000	0.440000	0.000000
Long_public_static_long_java_lang_Long_highestOneBit_long	unknown	0.447000	0.447000	0.000000
Long_public_static_long_java_lang_Long_lowestOneBit_long	unknown	0.432000	0.432000	0.000000
Long_public_static_long_java_lang_Long_max_long_long	unknown	0.449000	0.449000	0.000000
Long_public_static_long_java_lang_Long_min_long_long	unknown	0.439000	0.439000	0.000000
Long_public_static_long_java_lang_Long_reverseBytes_long	unknown	0.461000	0.461000	0.000000
Long_public_static_long_java_lang_Long_reverse_long	unknown	0.432000	0.432000	0.000000
Long_public_static_long_java_lang_Long_rotateLeft_long_int	unknown	0.447000	0.447000	0.000000
Long_public_static_long_java_lang_Long_rotateRight_long_int	unknown	0.444000	0.444000	0.000000
Long_public_static_long_java_lang_Long_sum_long_long	unknown	0.434000	0.434000	0.000000
Math_public_static_int_java_lang_Math_getExponent_double	unknown	0.454000	0.454000	0.000000
Math_public_static_int_java_lang_Math_getExponent_float	unknown	0.455000	0.455000	0.000000
Math_public_static_int_java_lang_Math_round_float	unknown	0.439000	0.439000	0.000000
Math_public_static_long_java_lang_Math_abs_long	unknown	0.452000	0.452000	0.000000
Math_public_static_long_java_lang_Math_max_long_long	unknown	0.454000	0.454000	0.000000
Math_public_static_long_java_lang_Math_min_long_long	unknown	0.451000	0.451000	0.000000
Math_public_static_long_java_lang_Math_round_double	unknown	0.453000	0.453000	0.000000
Short_public_byte_java_lang_Short_byteValue	unknown	0.455000	0.455000	0.000000
Short_public_double_java_lang_Short_doubleValue	unknown	0.458000	0.458000	0.000000
Short_public_float_java_lang_Short_floatValue	unknown	0.449000	0.449000	0.000000
Short_public_int_java_lang_Short_compareTo_java_lang_Short	unknown	0.439000	0.439000	0.000000
Short_public_int_java_lang_Short_intValue	unknown	0.439000	0.439000	0.000000
Short_public_java_lang_String_java_lang_Short_toString	unknown	0.447000	0.447000	0.000000
Short_public_long_java_lang_Short_longValue	unknown	0.462000	0.462000	0.000000
Short_public_short_java_lang_Short_shortValue	unknown	0.441000	0.441000	0.000000
Short_public_static_int_java_lang_Short_compare_short_short	unknown	0.438000	0.438000	0.000000
Short_public_static_int_java_lang_Short_toUnsignedInt_short	unknown	0.451000	0.451000	0.000000
Short_public_static_java_lang_Short_java_lang_Short_valueOf_short	unknown	0.448000	0.448000	0.000000
Short_public_static_java_lang_String_java_lang_Short_toString_short	unknown	0.451000	0.451000	0.000000
Short_public_static_long_java_lang_Short_toUnsignedLong_short	unknown	0.439000	0.439000	0.000000
Short_public_static_short_java_lang_Short_reverseBytes_short	unknown	0.448000	0.448000	0.000000
StrictMath_public_static_int_java_lang_StrictMath_getExponent_double	unknown	0.443000	0.443000	0.000000
StrictMath_public_static_int_java_lang_StrictMath_getExponent_float	unknown	0.446000	0.446000	0.000000
StrictMath_public_static_int_java_lang_StrictMath_round_float	unknown	0.458000	0.458000	0.000000
StrictMath_public_static_long_java_lang_StrictMath_abs_long	unknown	0.442000	0.442000	0.000000
StrictMath_public_static_long_java_lang_StrictMath_max_long_long	unknown	0.447000	0.447000	0.000000
StrictMath_public_static_long_java_lang_StrictMath_min_long_long	unknown	0.446000	0.446000	0.000000
StrictMath_public_static_long_java_lang_StrictMath_round_double	unknown	0.439000	0.439000	0.000000
String_public_boolean_java_lang_String_endsWith_java_lang_String	correct	0.625000	0.625000	0.000000
String_public_boolean_java_lang_String_equalsIgnoreCase_java_lang_String	unknown	0.451000	0.451000	0.000000
String_public_boolean_java_lang_String_isEmpty	correct	0.591000	0.591000	0.000000
String_public_boolean_java_lang_String_startsWith_java_lang_String	correct	0.654000	0.654000	0.000000
String_public_int_java_lang_String_compareToIgnoreCase_java_lang_String	unknown	0.442000	0.442000	0.000000
String_public_int_java_lang_String_compareTo_java_lang_String	unknown	0.451000	0.451000	0.000000
String_public_java_lang_String_java_lang_String_concat_java_lang_String	correct	0.704000	0.704000	0.000000
String_public_java_lang_String_java_lang_String_replace_char_char	unknown	0.443000	0.443000	0.000000
String_public_java_lang_String_java_lang_String_toLowerCase	correct	0.467000	0.467000	0.000000
String_public_java_lang_String_java_lang_String_toString	unknown	0.579000	0.579000	0.000000
String_public_java_lang_String_java_lang_String_toUpperCase	correct	0.455000	0.455000	0.000000
String_public_java_lang_String_java_lang_String_trim	unknown	0.574000	0.574000	0.000000
String_public_static_java_lang_String_java_lang_String_valueOf_boolean	unknown	0.455000	0.455000	0.000000
String_public_static_java_lang_String_java_lang_String_valueOf_char	unknown	0.445000	0.445000	0.000000
String_public_static_java_lang_String_java_lang_String_valueOf_double	unknown	0.443000	0.443000	0.000000
String_public_static_java_lang_String_java_lang_String_valueOf_float	unknown	0.456000	0.456000	0.000000
String_public_static_java_lang_String_java_lang_String_valueOf_int	unknown	0.470000	0.470000	0.000000
String_public_static_java_lang_String_java_lang_String_valueOf_long	unknown	0.470000	0.470000	0.000000
Bessel	correct	0.510000	0.510000	0.000000
Conflict	correct	0.506000	0.506000	0.000000
EulerMethod	incorrect	0.645000	0.645000	0.000000
MathSin	unknown	0.475000	0.475000	0.000000
Optimization1	unknown	0.493000	0.493000	0.000000
Optimization2	unknown	0.511000	0.511000	0.000000
Optimization3	incorrect	0.504000	0.504000	0.000000
Optimization4	unknown	0.514000	0.514000	0.000000
Optimization5	unknown	0.521000	0.521000	0.000000
Optimization6	unknown	0.515000	0.515000	0.000000
PartitionEx	correct	0.519000	0.519000	0.000000
TurnLogic	correct	0.468000	0.468000	0.000000
coral1	unknown	0.535000	0.535000	0.000000
coral10	unknown	0.509000	0.509000	0.000000
coral11	unknown	0.498000	0.498000	0.000000
coral12	unknown	0.549000	0.549000	0.000000
coral13	unknown	0.495000	0.495000	0.000000
coral14	unknown	0.501000	0.501000	0.000000
coral15	unknown	0.517000	0.517000	0.000000
coral16	incorrect	0.508000	0.508000	0.000000
coral17	unknown	0.505000	0.505000	0.000000
coral18	unknown	0.525000	0.525000	0.000000
coral19	unknown	0.503000	0.503000	0.000000
coral2	unknown	0.499000	0.499000	0.000000
coral20	unknown	0.519000	0.519000	0.000000
coral21	unknown	0.515000	0.515000	0.000000
coral22	unknown	0.518000	0.518000	0.000000
coral23	correct	0.507000	0.507000	0.000000
coral26	correct	0.521000	0.521000	0.000000
coral27	unknown	0.496000	0.496000	0.000000
coral28	unknown	0.502000	0.502000	0.000000
coral29	unknown	0.503000	0.503000	0.000000
coral3	correct	0.501000	0.501000	0.000000
coral30	unknown	0.478000	0.478000	0.000000
coral31	incorrect	0.519000	0.519000	0.000000
coral32	unknown	0.503000	0.503000	0.000000
coral33	unknown	0.521000	0.521000	0.000000
coral34	unknown	0.520000	0.520000	0.000000
coral35	unknown	0.530000	0.530000	0.000000
coral36	unknown	0.466000	0.466000	0.000000
coral38	unknown	0.509000	0.509000	0.000000
coral39	incorrect	0.519000	0.519000	0.000000
coral4	unknown	0.495000	0.495000	0.000000
coral40	incorrect	0.507000	0.507000	0.000000
coral41	incorrect	0.511000	0.511000	0.000000
coral42	incorrect	0.524000	0.524000	0.000000
coral43	incorrect	0.505000	0.505000	0.000000
coral44	incorrect	0.496000	0.496000	0.000000
coral45	unknown	0.499000	0.499000	0.000000
coral46	unknown	0.519000	0.519000	0.000000
coral48	incorrect	0.545000	0.545000	0.000000
coral49	unknown	0.534000	0.534000	0.000000
coral5	correct	0.512000	0.512000	0.000000
coral50	unknown	0.502000	0.502000	0.000000
coral51	unknown	0.503000	0.503000	0.000000
coral52	unknown	0.508000	0.508000	0.000000
coral53	unknown	0.500000	0.500000	0.000000
coral54	unknown	0.503000	0.503000	0.000000
coral55	correct	0.502000	0.502000	0.000000
coral56	incorrect	0.517000	0.517000	0.000000
coral57	incorrect	0.497000	0.497000	0.000000
coral58	incorrect	0.507000	0.507000	0.000000
coral59	incorrect	0.513000	0.513000	0.000000
coral6	unknown	0.505000	0.505000	0.000000
coral60	incorrect	0.513000	0.513000	0.000000
coral61	incorrect	0.505000	0.505000	0.000000
coral62	incorrect	0.552000	0.552000	0.000000
coral63	incorrect	0.521000	0.521000	0.000000
coral64	incorrect	0.508000	0.508000	0.000000
coral65	incorrect	0.522000	0.522000	0.000000
coral66	incorrect	0.529000	0.529000	0.000000
coral67	incorrect	0.530000	0.530000	0.000000
coral68	incorrect	0.512000	0.512000	0.000000
coral69	incorrect	0.514000	0.514000	0.000000
coral71	unknown	0.518000	0.518000	0.000000
coral72	unknown	0.508000	0.508000	0.000000
coral73	unknown	0.509000	0.509000	0.000000
coral74	unknown	0.501000	0.501000	0.000000
coral75	unknown	0.522000	0.522000	0.000000
coral76	incorrect	0.503000	0.503000	0.000000
coral77	incorrect	0.492000	0.492000	0.000000
coral79	incorrect	0.517000	0.517000	0.000000
coral80	correct	0.512000	0.512000	0.000000
coral81	unknown	0.514000	0.514000	0.000000
coral84	unknown	0.520000	0.520000	0.000000
coral9	unknown	0.515000	0.515000	0.000000
coral91	correct	0.503000	0.503000	0.000000
Adjustable-Inner-Count-Halving	incorrect	0.606000	0.606000	0.000000
Alternating-Step-Schedule	correct	0.556000	0.556000	0.000000
Batch-Conveyor-Counter	correct	0.588000	0.588000	0.000000
Bounded-Proportional-Update	correct	0.575000	0.575000	0.000000
Bounded-Reset-Linear-Growth	correct	0.570000	0.570000	0.000000
Clamped-Triangular-Drift	correct	0.579000	0.579000	0.000000
Cyclic-Preset-Inner-ABC	correct	0.596000	0.596000	0.000000
Fixed-Block-Accumulator	correct	0.580000	0.580000	0.000000
Hysteresis-On-Off-with-Deadband	correct	0.692000	0.692000	0.000000
Inner-Retry-Until-OK	correct	0.590000	0.590000	0.000000
Leak-and-Refill	correct	0.584000	0.584000	0.000000
Mixed-Phase-AddHalve-with-Slack-Box	correct	0.785000	0.785000	0.000000
Nested-Drain-Then-Step	correct	0.593000	0.593000	0.000000
Nested-MinStep-Regulator	correct	0.583000	0.583000	0.000000
Nested-PingPong-with-Caps	correct	0.591000	0.591000	0.000000
Nested-Saturation-Then-Reset	correct	0.599000	0.599000	0.000000
Nested-Windowed-Add-Remove	correct	0.589000	0.589000	0.000000
Producer-Consumer-Level	correct	0.595000	0.595000	0.000000
Ramp-and-Hold	correct	0.582000	0.582000	0.000000
Safe-Accumulator-with-Bounded-Noise	correct	1.183000	1.183000	0.000000
Saturating-Integrator	correct	0.581000	0.581000	0.000000
Slew-Rate-Limiter	correct	0.585000	0.585000	0.000000
Switched-Linear-Plant	correct	0.561000	0.561000	0.000000
Two-Band-Piecewise-Linear-Oscillator	correct	0.575000	0.575000	0.000000
Two-Counter-Lexicographic-Small	correct	0.579000	0.579000	0.000000
Two-Level-Nested-Scheduler	correct	0.609000	0.609000	0.000000
Two-State-FP-Oscillator	correct	0.589000	0.589000	0.000000
Two-Var-Nested-Handshake	correct	0.590000	0.590000	0.000000
Two-Variable_Averaging_Filter	correct	0.594000	0.594000	0.000000
Unbounded-Outer-Inner-Safety-Gate	correct	0.588000	0.588000	0.000000
LoopCharAt	incorrect	18.504000	18.504000	0.000000
TCAS_prop1	correct	2.403000	2.403000	0.000000
TCAS_prop2	correct	5.240000	5.240000	0.000000
TCAS_prop3	correct	5.280000	5.280000	0.000000
apachecli_eqchk	correct	21.952000	21.952000	0.000000
schedule_eqchk	correct	2.566000	2.566000	0.000000
Ackermann01	correct	0.641000	0.641000	0.000000
Addition	correct	0.661000	0.661000	0.000000
InfiniteLoop	correct	0.636000	0.636000	0.000000
SatAckermann01	correct	11.538000	11.538000	0.000000
SatAckermann02	correct	11.756000	11.756000	0.000000
SatAckermann03	correct	11.457000	11.457000	0.000000
SatAddition01	correct	0.861000	0.861000	0.000000
SatEvenOdd01	correct	0.631000	0.631000	0.000000
SatFibonacci01	correct	1.070000	1.070000	0.000000
SatFibonacci02	correct	0.483000	0.483000	0.000000
SatFibonacci03	correct	1.276000	1.276000	0.000000
SatGcd	unknown	60.000000	60.000000	0.000000
SatHanoi01	correct	2.982000	2.982000	0.000000
SatMccarthy91	unknown	60.000000	60.000000	0.000000
SatMultCommutative01	correct	0.831000	0.831000	0.000000
SatPrimes01	unknown	60.000000	60.000000	0.000000
UnsatAckermann01	correct	0.651000	0.651000	0.000000
UnsatAddition01	correct	0.651000	0.651000	0.000000
UnsatAddition02	incorrect	0.915000	0.915000	0.000000
UnsatEvenOdd01	correct	0.615000	0.615000	0.000000
UnsatFibonacci01	correct	0.700000	0.700000	0.000000
UnsatFibonacci02	correct	0.963000	0.963000	0.000000
UnsatMccarthy91	correct	0.630000	0.630000	0.000000
ArithmeticException1	correct	0.631000	0.631000	0.000000
ArithmeticException5	correct	0.470000	0.470000	0.000000
ArithmeticException6	correct	0.621000	0.621000	0.000000
ArrayIndexOutOfBoundsException1	unknown	0.615000	0.615000	0.000000
ArrayIndexOutOfBoundsException2	unknown	0.607000	0.607000	0.000000
ArrayIndexOutOfBoundsException3	unknown	0.621000	0.621000	0.000000
BufferedReaderReadLine	correct	1.247000	1.247000	0.000000
CharSequenceBug	correct	0.639000	0.639000	0.000000
CharSequenceToString	correct	0.677000	0.677000	0.000000
ClassCastException1	correct	0.477000	0.477000	0.000000
ClassCastException2	correct	0.471000	0.471000	0.000000
ClassCastException3	correct	0.477000	0.477000	0.000000
Class_method1	correct	0.494000	0.494000	0.000000
Inheritance1	correct	0.473000	0.473000	0.000000
NegativeArraySizeException1	correct	0.487000	0.487000	0.000000
NegativeArraySizeException2	correct	0.477000	0.477000	0.000000
NullPointerException2	correct	0.482000	0.482000	0.000000
NullPointerException3	correct	0.493000	0.493000	0.000000
NullPointerException4	correct	0.484000	0.484000	0.000000
RegexMatches01	correct	0.471000	0.471000	0.000000
RegexMatches02	unknown	0.488000	0.488000	0.000000
RegexSubstitution01	correct	0.492000	0.492000	0.000000
RegexSubstitution02	unknown	0.487000	0.487000	0.000000
RegexSubstitution03	correct	0.507000	0.507000	0.000000
StaticCharMethods01	correct	0.494000	0.494000	0.000000
StaticCharMethods02	correct	0.811000	0.811000	0.000000
StaticCharMethods03	unknown	0.542000	0.542000	0.000000
StaticCharMethods04	correct	0.623000	0.623000	0.000000
StaticCharMethods05	unknown	0.491000	0.491000	0.000000
StaticCharMethods06	unknown	0.525000	0.525000	0.000000
StringBuilderAppend01	correct	0.491000	0.491000	0.000000
StringBuilderAppend02	unknown	0.494000	0.494000	0.000000
StringBuilderCapLen01	correct	0.495000	0.495000	0.000000
StringBuilderCapLen02	correct	0.625000	0.625000	0.000000
StringBuilderCapLen03	correct	0.623000	0.623000	0.000000
StringBuilderCapLen04	unknown	0.486000	0.486000	0.000000
StringBuilderChars01	correct	0.504000	0.504000	0.000000
StringBuilderChars02	correct	0.622000	0.622000	0.000000
StringBuilderChars03	unknown	0.492000	0.492000	0.000000
StringBuilderChars04	unknown	0.493000	0.493000	0.000000
StringBuilderChars05	unknown	0.483000	0.483000	0.000000
StringBuilderChars06	unknown	0.484000	0.484000	0.000000
StringBuilderConstructors01	correct	0.564000	0.564000	0.000000
StringBuilderConstructors02	unknown	0.492000	0.492000	0.000000
StringBuilderInsertDelete01	correct	0.485000	0.485000	0.000000
StringBuilderInsertDelete02	unknown	0.490000	0.490000	0.000000
StringBuilderInsertDelete03	unknown	0.487000	0.487000	0.000000
StringCompare01	correct	0.474000	0.474000	0.000000
StringCompare02	unknown	0.485000	0.485000	0.000000
StringCompare03	unknown	0.488000	0.488000	0.000000
StringCompare04	unknown	0.478000	0.478000	0.000000
StringCompare05	correct	0.492000	0.492000	0.000000
StringConcatenation01	correct	0.686000	0.686000	0.000000
StringConcatenation02	correct	0.619000	0.619000	0.000000
StringConcatenation03	correct	0.650000	0.650000	0.000000
StringConcatenation04	correct	0.623000	0.623000	0.000000
StringConstructors01	correct	0.478000	0.478000	0.000000
StringConstructors02	correct	0.626000	0.626000	0.000000
StringConstructors03	correct	0.632000	0.632000	0.000000
StringConstructors04	correct	0.619000	0.619000	0.000000
StringConstructors05	correct	0.640000	0.640000	0.000000
StringContains01	correct	0.625000	0.625000	0.000000
StringContains02	correct	0.610000	0.610000	0.000000
StringIndexMethods01	correct	0.474000	0.474000	0.000000
StringIndexMethods02	correct	0.643000	0.643000	0.000000
StringIndexMethods03	unknown	0.611000	0.611000	0.000000
StringIndexMethods04	correct	0.617000	0.617000	0.000000
StringIndexMethods05	unknown	0.626000	0.626000	0.000000
StringMiscellaneous01	correct	0.481000	0.481000	0.000000
StringMiscellaneous02	correct	0.653000	0.653000	0.000000
StringMiscellaneous03	correct	0.710000	0.710000	0.000000
StringMiscellaneous04	correct	0.487000	0.487000	0.000000
StringStartEnd01	correct	0.482000	0.482000	0.000000
StringStartEnd02	correct	0.712000	0.712000	0.000000
StringStartEnd03	correct	0.705000	0.705000	0.000000
StringValueOf01	correct	0.478000	0.478000	0.000000
StringValueOf02	correct	0.627000	0.627000	0.000000
StringValueOf03	correct	0.496000	0.496000	0.000000
StringValueOf04	correct	0.644000	0.644000	0.000000
StringValueOf05	correct	0.638000	0.638000	0.000000
StringValueOf06	correct	0.614000	0.614000	0.000000
StringValueOf07	unknown	0.502000	0.502000	0.000000
StringValueOf08	unknown	0.486000	0.486000	0.000000
StringValueOf09	unknown	0.480000	0.480000	0.000000
StringValueOf10	correct	0.614000	0.614000	0.000000
SubString01	correct	0.472000	0.472000	0.000000
SubString02	correct	0.678000	0.678000	0.000000
SubString03	correct	0.654000	0.654000	0.000000
TokenTest01	correct	0.480000	0.480000	0.000000
TokenTest02	unknown	0.478000	0.478000	0.000000
Validate01	correct	0.489000	0.489000	0.000000
Validate02	unknown	0.492000	0.492000	0.000000
aastore_aaload1	unknown	60.000000	60.000000	0.000000
array1	unknown	0.625000	0.625000	0.000000
array2	correct	0.554000	0.554000	0.000000
arraylength1	correct	0.539000	0.539000	0.000000
arrayread1	correct	0.554000	0.554000	0.000000
assert1	correct	0.527000	0.527000	0.000000
assert2	correct	0.629000	0.629000	0.000000
assert3	correct	0.631000	0.631000	0.000000
assert4	correct	0.634000	0.634000	0.000000
assert5	correct	0.545000	0.545000	0.000000
assert6	correct	0.530000	0.530000	0.000000
astore_aload1	correct	0.482000	0.482000	0.000000
athrow1	correct	0.480000	0.480000	0.000000
basic1	correct	0.480000	0.480000	0.000000
bitwise1	correct	0.540000	0.540000	0.000000
boolean1	correct	0.543000	0.543000	0.000000
boolean2	correct	0.554000	0.554000	0.000000
bug-test-gen-095	correct	0.626000	0.626000	0.000000
bug-test-gen-119-2	correct	0.480000	0.480000	0.000000
bug-test-gen-119	correct	0.672000	0.672000	0.000000
calc	unknown	0.610000	0.610000	0.000000
cast1	correct	0.542000	0.542000	0.000000
catch1	correct	0.482000	0.482000	0.000000
char1	correct	0.645000	0.645000	0.000000
charArray	unknown	0.535000	0.535000	0.000000
classtest1	correct	0.482000	0.482000	0.000000
const1	correct	0.466000	0.466000	0.000000
constructor1	correct	0.477000	0.477000	0.000000
enum1	correct	0.478000	0.478000	0.000000
exceptions1	correct	0.478000	0.478000	0.000000
exceptions10	correct	0.493000	0.493000	0.000000
exceptions11	correct	0.486000	0.486000	0.000000
exceptions12	correct	0.498000	0.498000	0.000000
exceptions13	correct	0.489000	0.489000	0.000000
exceptions14	correct	0.503000	0.503000	0.000000
exceptions15	correct	0.477000	0.477000	0.000000
exceptions16	correct	0.503000	0.503000	0.000000
exceptions18	correct	0.479000	0.479000	0.000000
exceptions2	correct	0.492000	0.492000	0.000000
exceptions3	correct	0.493000	0.493000	0.000000
exceptions4	correct	0.476000	0.476000	0.000000
exceptions5	correct	0.484000	0.484000	0.000000
exceptions6	correct	0.494000	0.494000	0.000000
exceptions7	correct	0.490000	0.490000	0.000000
exceptions8	correct	0.483000	0.483000	0.000000
exceptions9	correct	0.474000	0.474000	0.000000
fcmpx_dcmpx1	correct	0.462000	0.462000	0.000000
iarith1	correct	0.471000	0.471000	0.000000
iarith2	correct	0.478000	0.478000	0.000000
if_acmp1	correct	0.486000	0.486000	0.000000
if_expr1	correct	0.534000	0.534000	0.000000
if_icmp1	correct	0.561000	0.561000	0.000000
ifxx1	correct	0.465000	0.465000	0.000000
instanceof1	correct	0.474000	0.474000	0.000000
instanceof2	correct	0.482000	0.482000	0.000000
instanceof3	correct	0.476000	0.476000	0.000000
instanceof4	correct	0.493000	0.493000	0.000000
instanceof5	correct	0.470000	0.470000	0.000000
instanceof6	correct	0.491000	0.491000	0.000000
instanceof7	correct	0.471000	0.471000	0.000000
instanceof8	correct	0.471000	0.471000	0.000000
interface1	correct	0.485000	0.485000	0.000000
java_append_char	correct	0.618000	0.618000	0.000000
lazyloading4	correct	0.482000	0.482000	0.000000
list1	correct	47.825000	47.825000	0.000000
long1	correct	0.474000	0.474000	0.000000
lookupswitch1	correct	0.554000	0.554000	0.000000
multinewarray	correct	0.481000	0.481000	0.000000
overloading1	correct	0.470000	0.470000	0.000000
package1	correct	0.469000	0.469000	0.000000
putfield_getfield1	correct	0.477000	0.477000	0.000000
putstatic_getstatic1	correct	0.474000	0.474000	0.000000
recursion2	correct	0.487000	0.487000	0.000000
return1	correct	0.481000	0.481000	0.000000
return2	correct	0.633000	0.633000	0.000000
store_load1	correct	0.474000	0.474000	0.000000
swap1	correct	0.484000	0.484000	0.000000
synchronized	correct	0.475000	0.475000	0.000000
tableswitch1	correct	0.588000	0.588000	0.000000
uninitialised1	correct	0.477000	0.477000	0.000000
virtual1	correct	0.483000	0.483000	0.000000
virtual2	correct	0.476000	0.476000	0.000000
virtual4	correct	0.484000	0.484000	0.000000
virtual_function_unwinding	correct	0.480000	0.480000	0.000000
OverapproximationString01	correct	0.592000	0.592000	0.000000
URLDecoder01	unknown	0.461000	0.461000	0.000000
URLDecoder02	unknown	0.458000	0.458000	0.000000
addition01	incorrect	0.636000	0.636000	0.000000
array-iteration01	unknown	0.756000	0.756000	0.000000
boundcheck100	correct	1.462000	1.462000	0.000000
boundcheck200	correct	2.560000	2.560000	0.000000
boundcheck30	correct	0.869000	0.869000	0.000000
double2long	incorrect	0.498000	0.498000	0.000000
float	incorrect	0.608000	0.608000	0.000000
list2	correct	41.250000	41.250000	0.000000
radians	incorrect	0.523000	0.523000	0.000000
shifting	correct	0.599000	0.599000	0.000000
shifting2	correct	0.586000	0.586000	0.000000
shifting3	correct	0.597000	0.597000	0.000000
startswith	correct	0.630000	0.630000	0.000000
ExDarko_false	correct	0.624000	0.624000	0.000000
ExDarko_true	correct	0.518000	0.518000	0.000000
ExException_false	correct	0.585000	0.585000	0.000000
ExException_true	correct	0.495000	0.495000	0.000000
ExGenSymExe_false	correct	0.449000	0.449000	0.000000
ExGenSymExe_true	correct	0.453000	0.453000	0.000000
ExLazy_false	correct	0.601000	0.601000	0.000000
ExLazy_true	correct	0.507000	0.507000	0.000000
ExMIT_false	correct	0.592000	0.592000	0.000000
ExMIT_true	correct	0.494000	0.494000	0.000000
ExSymExe10_false	correct	0.608000	0.608000	0.000000
ExSymExe10_true	correct	0.502000	0.502000	0.000000
ExSymExe11_false	correct	0.678000	0.678000	0.000000
ExSymExe11_true	correct	0.516000	0.516000	0.000000
ExSymExe12_false	correct	0.596000	0.596000	0.000000
ExSymExe12_true	correct	0.518000	0.518000	0.000000
ExSymExe13_false	correct	0.606000	0.606000	0.000000
ExSymExe13_true	correct	0.520000	0.520000	0.000000
ExSymExe14_false	correct	0.603000	0.603000	0.000000
ExSymExe14_true	correct	0.512000	0.512000	0.000000
ExSymExe15_false	correct	0.596000	0.596000	0.000000
ExSymExe15_true	correct	0.512000	0.512000	0.000000
ExSymExe16_false	correct	0.459000	0.459000	0.000000
ExSymExe16_true	correct	0.445000	0.445000	0.000000
ExSymExe17_false	correct	0.453000	0.453000	0.000000
ExSymExe17_true	correct	0.452000	0.452000	0.000000
ExSymExe18_false	correct	0.514000	0.514000	0.000000
ExSymExe18_true	correct	0.435000	0.435000	0.000000
ExSymExe19_false	correct	0.609000	0.609000	0.000000
ExSymExe19_true	correct	1.614000	1.614000	0.000000
ExSymExe1_false	correct	0.933000	0.933000	0.000000
ExSymExe1_true	correct	0.447000	0.447000	0.000000
ExSymExe20_false	correct	9.400000	9.400000	0.000000
ExSymExe20_true	correct	0.438000	0.438000	0.000000
ExSymExe21_false	correct	0.935000	0.935000	0.000000
ExSymExe21_true	correct	0.435000	0.435000	0.000000
ExSymExe25_false	correct	0.591000	0.591000	0.000000
ExSymExe25_true	correct	0.443000	0.443000	0.000000
ExSymExe26_false	correct	1.096000	1.096000	0.000000
ExSymExe26_true	correct	0.455000	0.455000	0.000000
ExSymExe27_false	correct	0.590000	0.590000	0.000000
ExSymExe27_true	correct	0.451000	0.451000	0.000000
ExSymExe28_false	correct	0.592000	0.592000	0.000000
ExSymExe28_true	correct	0.449000	0.449000	0.000000
ExSymExe29_false	correct	1.517000	1.517000	0.000000
ExSymExe29_true	correct	0.453000	0.453000	0.000000
ExSymExe2_false	correct	0.949000	0.949000	0.000000
ExSymExe2_true	correct	0.449000	0.449000	0.000000
ExSymExe3_false	correct	0.604000	0.604000	0.000000
ExSymExe3_true	correct	0.447000	0.447000	0.000000
ExSymExe4_false	correct	1.355000	1.355000	0.000000
ExSymExe4_true	correct	0.449000	0.449000	0.000000
ExSymExe5_false	correct	0.582000	0.582000	0.000000
ExSymExe5_true	correct	0.447000	0.447000	0.000000
ExSymExe6_false	correct	0.518000	0.518000	0.000000
ExSymExe6_true	correct	0.463000	0.463000	0.000000
ExSymExe7_false	correct	0.798000	0.798000	0.000000
ExSymExe7_true	correct	0.650000	0.650000	0.000000
ExSymExe8_false	correct	0.939000	0.939000	0.000000
ExSymExe8_true	correct	0.454000	0.454000	0.000000
ExSymExe9_false	correct	0.458000	0.458000	0.000000
ExSymExe9_true	correct	0.450000	0.450000	0.000000
ExSymExeArrays_false	correct	0.466000	0.466000	0.000000
ExSymExeArrays_true	correct	0.435000	0.435000	0.000000
ExSymExeBool_false	correct	0.450000	0.450000	0.000000
ExSymExeBool_true	correct	0.450000	0.450000	0.000000
ExSymExeComplexMath_false	correct	0.451000	0.451000	0.000000
ExSymExeComplexMath_true	correct	0.456000	0.456000	0.000000
ExSymExeD2I_false	correct	0.455000	0.455000	0.000000
ExSymExeD2I_true	correct	0.497000	0.497000	0.000000
ExSymExeD2L_false	incorrect	0.501000	0.501000	0.000000
ExSymExeD2L_true	correct	0.505000	0.505000	0.000000
ExSymExeF2I_false	correct	0.457000	0.457000	0.000000
ExSymExeF2I_true	correct	0.525000	0.525000	0.000000
ExSymExeF2L_false	incorrect	0.508000	0.508000	0.000000
ExSymExeF2L_true	correct	0.506000	0.506000	0.000000
ExSymExeFNEG_false	incorrect	0.545000	0.545000	0.000000
ExSymExeFNEG_true	correct	0.495000	0.495000	0.000000
ExSymExeGetStatic_false	correct	0.462000	0.462000	0.000000
ExSymExeGetStatic_true	correct	0.454000	0.454000	0.000000
ExSymExeI2D_false	incorrect	0.511000	0.511000	0.000000
ExSymExeI2D_true	correct	0.647000	0.647000	0.000000
ExSymExeI2F_false	correct	0.458000	0.458000	0.000000
ExSymExeI2F_true	correct	0.497000	0.497000	0.000000
ExSymExeLCMP_false	correct	0.603000	0.603000	0.000000
ExSymExeLCMP_true	correct	0.516000	0.516000	0.000000
ExSymExeLongBytecodes_false	correct	0.602000	0.602000	0.000000
ExSymExeLongBytecodes_true	correct	0.528000	0.528000	0.000000
ExSymExeResearch_false	correct	0.606000	0.606000	0.000000
ExSymExeResearch_true	correct	0.550000	0.550000	0.000000
ExSymExeSimple_false	correct	0.516000	0.516000	0.000000
ExSymExeSimple_true	correct	0.507000	0.507000	0.000000
ExSymExeSuzette_false	correct	0.634000	0.634000	0.000000
ExSymExeSuzette_true	correct	0.508000	0.508000	0.000000
ExSymExeSwitch_false	correct	0.593000	0.593000	0.000000
ExSymExeSwitch_true	correct	0.524000	0.524000	0.000000
ExSymExeTestAssignments_false	correct	0.600000	0.600000	0.000000
ExSymExeTestAssignments_true	correct	0.515000	0.515000	0.000000
ExSymExeTestClassFields_false	correct	0.603000	0.603000	0.000000
ExSymExeTestClassFields_true	correct	0.507000	0.507000	0.000000
ExSymExe_false	correct	0.465000	0.465000	0.000000
ExSymExe_true	correct	0.455000	0.455000	0.000000
TestLazy_false	correct	0.602000	0.602000	0.000000
TestLazy_true	correct	0.511000	0.511000	0.000000
spec1-5_product1	correct	0.646000	0.646000	0.000000
spec1-5_product10	correct	0.639000	0.639000	0.000000
spec1-5_product11	correct	1.294000	1.294000	0.000000
spec1-5_product12	correct	0.695000	0.695000	0.000000
spec1-5_product13	correct	0.638000	0.638000	0.000000
spec1-5_product14	correct	0.622000	0.622000	0.000000
spec1-5_product15	correct	1.301000	1.301000	0.000000
spec1-5_product16	correct	1.005000	1.005000	0.000000
spec1-5_product17	correct	0.607000	0.607000	0.000000
spec1-5_product18	correct	0.643000	0.643000	0.000000
spec1-5_product19	correct	1.306000	1.306000	0.000000
spec1-5_product2	correct	0.631000	0.631000	0.000000
spec1-5_product20	correct	0.721000	0.721000	0.000000
spec1-5_product21	correct	0.642000	0.642000	0.000000
spec1-5_product22	correct	0.612000	0.612000	0.000000
spec1-5_product23	correct	1.321000	1.321000	0.000000
spec1-5_product24	correct	0.698000	0.698000	0.000000
spec1-5_product25	correct	0.639000	0.639000	0.000000
spec1-5_product26	correct	0.625000	0.625000	0.000000
spec1-5_product27	correct	1.343000	1.343000	0.000000
spec1-5_product28	correct	0.717000	0.717000	0.000000
spec1-5_product29	correct	0.617000	0.617000	0.000000
spec1-5_product3	correct	1.330000	1.330000	0.000000
spec1-5_product30	correct	0.647000	0.647000	0.000000
spec1-5_product31	correct	1.357000	1.357000	0.000000
spec1-5_product32	correct	0.701000	0.701000	0.000000
spec1-5_product33	correct	0.589000	0.589000	0.000000
spec1-5_product34	correct	0.623000	0.623000	0.000000
spec1-5_product35	correct	1.191000	1.191000	0.000000
spec1-5_product36	correct	0.666000	0.666000	0.000000
spec1-5_product37	correct	0.594000	0.594000	0.000000
spec1-5_product38	correct	0.614000	0.614000	0.000000
spec1-5_product39	correct	1.267000	1.267000	0.000000
spec1-5_product4	correct	0.701000	0.701000	0.000000
spec1-5_product40	correct	0.659000	0.659000	0.000000
spec1-5_product41	correct	0.674000	0.674000	0.000000
spec1-5_product42	correct	0.692000	0.692000	0.000000
spec1-5_product43	correct	1.343000	1.343000	0.000000
spec1-5_product44	correct	0.731000	0.731000	0.000000
spec1-5_product45	correct	0.664000	0.664000	0.000000
spec1-5_product46	correct	0.653000	0.653000	0.000000
spec1-5_product47	correct	1.357000	1.357000	0.000000
spec1-5_product48	correct	0.687000	0.687000	0.000000
spec1-5_product49	correct	0.581000	0.581000	0.000000
spec1-5_product5	correct	0.625000	0.625000	0.000000
spec1-5_product50	correct	0.623000	0.623000	0.000000
spec1-5_product51	correct	1.238000	1.238000	0.000000
spec1-5_product52	correct	0.699000	0.699000	0.000000
spec1-5_product53	correct	0.612000	0.612000	0.000000
spec1-5_product54	correct	0.595000	0.595000	0.000000
spec1-5_product55	correct	1.281000	1.281000	0.000000
spec1-5_product56	correct	0.683000	0.683000	0.000000
spec1-5_product57	correct	6.504000	6.504000	0.000000
spec1-5_product58	correct	6.000000	6.000000	0.000000
spec1-5_product59	correct	5.714000	5.714000	0.000000
spec1-5_product6	correct	0.608000	0.608000	0.000000
spec1-5_product60	correct	5.884000	5.884000	0.000000
spec1-5_product61	correct	6.783000	6.783000	0.000000
spec1-5_product62	correct	6.508000	6.508000	0.000000
spec1-5_product63	correct	5.885000	5.885000	0.000000
spec1-5_product64	correct	5.679000	5.679000	0.000000
spec1-5_product7	correct	1.319000	1.319000	0.000000
spec1-5_product8	correct	0.667000	0.667000	0.000000
spec1-5_product9	correct	0.645000	0.645000	0.000000
objects01	unknown	0.000000	0.000000	0.000000
objects02	unknown	0.000000	0.000000	0.000000
objects03	unknown	0.000000	0.000000	0.000000
objects04	unknown	0.000000	0.000000	0.000000
objects05	unknown	0.000000	0.000000	0.000000
objects06	unknown	0.000000	0.000000	0.000000
objects07	unknown	0.000000	0.000000	0.000000
objects08	unknown	0.000000	0.000000	0.000000
objects09	unknown	0.000000	0.000000	0.000000
objects10	unknown	0.000000	0.000000	0.000000
objects11	unknown	0.000000	0.000000	0.000000
objects12	unknown	0.000000	0.000000	0.000000
objects13	unknown	0.000000	0.000000	0.000000
objects14	unknown	0.000000	0.000000	0.000000
lock-00-01-10	incorrect	3.674000	3.674000	0.000000
Aliasing1	correct	0.643000	0.643000	0.000000
Aliasing2	correct	0.492000	0.492000	0.000000
Aliasing3	correct	0.507000	0.507000	0.000000
Aliasing4	correct	0.695000	0.695000	0.000000
Aliasing5	correct	0.680000	0.680000	0.000000
Aliasing6	correct	0.851000	0.851000	0.000000
Arrays1	correct	0.693000	0.693000	0.000000
Arrays10	unknown	0.638000	0.638000	0.000000
Arrays2	correct	0.648000	0.648000	0.000000
Arrays3	correct	0.659000	0.659000	0.000000
Arrays4	correct	0.640000	0.640000	0.000000
Arrays5	correct	0.488000	0.488000	0.000000
Arrays6	correct	0.669000	0.669000	0.000000
Arrays7	correct	0.647000	0.647000	0.000000
Arrays8	correct	0.649000	0.649000	0.000000
Arrays9	correct	0.654000	0.654000	0.000000
Basic1	correct	0.661000	0.661000	0.000000
Basic10	correct	0.656000	0.656000	0.000000
Basic11	correct	0.491000	0.491000	0.000000
Basic12	correct	0.695000	0.695000	0.000000
Basic15	correct	0.650000	0.650000	0.000000
Basic16	correct	0.639000	0.639000	0.000000
Basic17	correct	0.672000	0.672000	0.000000
Basic18	correct	0.966000	0.966000	0.000000
Basic19	correct	0.638000	0.638000	0.000000
Basic2	correct	0.686000	0.686000	0.000000
Basic20	correct	0.628000	0.628000	0.000000
Basic21	unknown	0.637000	0.637000	0.000000
Basic24	unknown	0.624000	0.624000	0.000000
Basic25	unknown	0.674000	0.674000	0.000000
Basic26	correct	0.683000	0.683000	0.000000
Basic27	correct	0.671000	0.671000	0.000000
Basic28	correct	0.490000	0.490000	0.000000
Basic29	correct	0.701000	0.701000	0.000000
Basic3	correct	0.494000	0.494000	0.000000
Basic30	correct	0.656000	0.656000	0.000000
Basic31	correct	0.674000	0.674000	0.000000
Basic32	correct	0.647000	0.647000	0.000000
Basic33	correct	0.684000	0.684000	0.000000
Basic34	correct	0.736000	0.736000	0.000000
Basic35	correct	0.979000	0.979000	0.000000
Basic37	incorrect	33.005000	33.005000	0.000000
Basic38	incorrect	33.008000	33.008000	0.000000
Basic39	incorrect	33.289000	33.289000	0.000000
Basic4	correct	0.686000	0.686000	0.000000
Basic5	correct	0.492000	0.492000	0.000000
Basic6	incorrect	0.482000	0.482000	0.000000
Basic7	correct	0.494000	0.494000	0.000000
Basic8	correct	0.497000	0.497000	0.000000
Basic9	correct	0.696000	0.696000	0.000000
Collections1	correct	0.668000	0.668000	0.000000
Collections10	correct	0.746000	0.746000	0.000000
Collections12	correct	0.680000	0.680000	0.000000
Collections13	correct	0.690000	0.690000	0.000000
Collections14	correct	1.140000	1.140000	0.000000
Collections2	correct	0.684000	0.684000	0.000000
Collections3	correct	0.665000	0.665000	0.000000
Collections4	correct	0.689000	0.689000	0.000000
Collections5	correct	0.708000	0.708000	0.000000
Collections6	correct	0.654000	0.654000	0.000000
Collections7	correct	0.731000	0.731000	0.000000
Collections8	correct	0.527000	0.527000	0.000000
Collections9	unknown	0.668000	0.668000	0.000000
Datastructures1	correct	0.695000	0.695000	0.000000
Datastructures2	correct	0.677000	0.677000	0.000000
Datastructures3	correct	0.661000	0.661000	0.000000
Datastructures4	correct	0.503000	0.503000	0.000000
Datastructures5	correct	0.488000	0.488000	0.000000
Datastructures6	correct	1.371000	1.371000	0.000000
Factories1	correct	0.504000	0.504000	0.000000
Factories2	correct	0.655000	0.655000	0.000000
Factories3	correct	0.681000	0.681000	0.000000
Inter1	correct	0.650000	0.650000	0.000000
Inter10	correct	0.519000	0.519000	0.000000
Inter11	correct	0.492000	0.492000	0.000000
Inter12	correct	0.668000	0.668000	0.000000
Inter13	correct	0.770000	0.770000	0.000000
Inter14	correct	0.980000	0.980000	0.000000
Inter2	correct	0.687000	0.687000	0.000000
Inter3	correct	0.867000	0.867000	0.000000
Inter4	correct	0.651000	0.651000	0.000000
Inter5	correct	0.492000	0.492000	0.000000
Inter6	correct	0.645000	0.645000	0.000000
Inter7	correct	0.641000	0.641000	0.000000
Inter8	correct	0.662000	0.662000	0.000000
Inter9	correct	0.483000	0.483000	0.000000
Pred1	correct	0.493000	0.493000	0.000000
Pred2	correct	0.678000	0.678000	0.000000
Pred3	correct	0.543000	0.543000	0.000000
Pred4	correct	0.653000	0.653000	0.000000
Pred5	correct	0.660000	0.660000	0.000000
Pred6	correct	0.488000	0.488000	0.000000
Pred7	correct	0.493000	0.493000	0.000000
Pred8	correct	0.700000	0.700000	0.000000
Pred9	correct	0.659000	0.659000	0.000000
Refl1	correct	0.653000	0.653000	0.000000
Refl2	unknown	0.485000	0.485000	0.000000
Refl3	correct	0.645000	0.645000	0.000000
Refl4	correct	0.641000	0.641000	0.000000
Sanitizers1	unknown	4.527000	4.527000	0.000000
Sanitizers2	unknown	3.695000	3.695000	0.000000
Sanitizers3	unknown	0.665000	0.665000	0.000000
Sanitizers4	unknown	60.000000	60.000000	0.000000
Sanitizers5	unknown	0.631000	0.631000	0.000000
Sanitizers6	unknown	5.129000	5.129000	0.000000
Session1	correct	0.687000	0.687000	0.000000
Session2	correct	0.657000	0.657000	0.000000
Session3	correct	0.661000	0.661000	0.000000
StrongUpdates1	correct	0.492000	0.492000	0.000000
StrongUpdates2	correct	0.490000	0.490000	0.000000
StrongUpdates3	correct	0.491000	0.491000	0.000000
StrongUpdates4	correct	0.503000	0.503000	0.000000
StrongUpdates5	unknown	0.483000	0.483000	0.000000
